{
  "hash": "a99b6a6c",
  "configHash": "58e42b5d",
  "lockfileHash": "d3b6e2d9",
  "browserHash": "eedef077",
  "optimized": {
    "@angular/common": {
      "src": "../../../../../../node_modules/@angular/common/fesm2022/common.mjs",
      "file": "@angular_common.js",
      "fileHash": "a03d7c2b",
      "needsInterop": false
    },
    "@angular/common/http": {
      "src": "../../../../../../node_modules/@angular/common/fesm2022/http.mjs",
      "file": "@angular_common_http.js",
      "fileHash": "cf0fdabd",
      "needsInterop": false
    },
    "@angular/core": {
      "src": "../../../../../../node_modules/@angular/core/fesm2022/core.mjs",
      "file": "@angular_core.js",
      "fileHash": "820435f3",
      "needsInterop": false
    },
    "@angular/forms": {
      "src": "../../../../../../node_modules/@angular/forms/fesm2022/forms.mjs",
      "file": "@angular_forms.js",
      "fileHash": "e8432118",
      "needsInterop": false
    },
    "@angular/platform-browser": {
      "src": "../../../../../../node_modules/@angular/platform-browser/fesm2022/platform-browser.mjs",
      "file": "@angular_platform-browser.js",
      "fileHash": "a46a1767",
      "needsInterop": false
    },
    "@angular/platform-server/init": {
      "src": "../../../../../../node_modules/@angular/platform-server/fesm2022/init.mjs",
      "file": "@angular_platform-server_init.js",
      "fileHash": "d26b6fa8",
      "needsInterop": false
    },
    "@angular/router": {
      "src": "../../../../../../node_modules/@angular/router/fesm2022/router.mjs",
      "file": "@angular_router.js",
      "fileHash": "31c4e7b8",
      "needsInterop": false
    },
    "@angular/ssr": {
      "src": "../../../../../../node_modules/@angular/ssr/fesm2022/ssr.mjs",
      "file": "@angular_ssr.js",
      "fileHash": "3e5f3bdc",
      "needsInterop": false
    },
    "@angular/ssr/node": {
      "src": "../../../../../../node_modules/@angular/ssr/fesm2022/node.mjs",
      "file": "@angular_ssr_node.js",
      "fileHash": "18dd88c3",
      "needsInterop": false
    },
    "express": {
      "src": "../../../../../../node_modules/express/index.js",
      "file": "express.js",
      "fileHash": "26754855",
      "needsInterop": true
    },
    "zone.js/node": {
      "src": "../../../../../../node_modules/zone.js/fesm2015/zone-node.js",
      "file": "zone__js_node.js",
      "fileHash": "4994bd31",
      "needsInterop": true
    }
  },
  "chunks": {
    "xhr2-WBTWOK2V": {
      "file": "xhr2-WBTWOK2V.js"
    },
    "chunk-RVJRDNXO": {
      "file": "chunk-RVJRDNXO.js"
    },
    "chunk-PDBLI4OT": {
      "file": "chunk-PDBLI4OT.js"
    },
    "chunk-V3WL2LEL": {
      "file": "chunk-V3WL2LEL.js"
    },
    "chunk-GT3IQUPV": {
      "file": "chunk-GT3IQUPV.js"
    },
    "chunk-M5GG4DFW": {
      "file": "chunk-M5GG4DFW.js"
    },
    "chunk-B4DTGZCK": {
      "file": "chunk-B4DTGZCK.js"
    },
    "chunk-LAN5UFAU": {
      "file": "chunk-LAN5UFAU.js"
    },
    "chunk-YHCV7DAQ": {
      "file": "chunk-YHCV7DAQ.js"
    }
  }
}